{
  "source": "Rao Table 3 (plane)",
  "rule": "per-var [min,max] over 6 rows, widen 50%/side, clamp positivity & c,d<r",
  "widen": 0.5,
  "eps": 1e-06,
  "r": 1.0,
  "box": {
    "b": [
      0.377026,
      0.62187
    ],
    "c": [
      0.187826,
      0.310006
    ],
    "d": [
      0.250135,
      0.32755499999999993
    ],
    "e": [
      0.40327350000000006,
      0.5509075
    ],
    "g": [
      0.084179,
      0.134327
    ]
  }
}